File_Path,RelevanceId,RelevanceName
azure_cost_alerts,4,Medium-Low
azure_sendgrid_accounts,3,Medium
azure_power_up,5,Low
azure_managed_redis,2,Medium-High
azure_spring_apps,2,Medium-High
azure_communications_gateway,4,Medium-Low
azure_operator_insights,5,Low
azure_storage_azure_files,2,Medium-High
azure_subscriptions,2,Medium-High
azure_disks_snapshots,3,Medium
azure_users,2,Medium-High
azure_central_service_instance_for_sap,4,Medium-Low
azure_biz_talk,4,Medium-Low
azure_app_space,3,Medium
azure_toolbox,5,Low
azure_ssis_lift_and_shift_ir,4,Medium-Low
azure_security_baselines,3,Medium
azure_storage_actions,4,Medium-Low
azure_cost_management_and_billing,3,Medium
azure_managed_database,2,Medium-High
azure_databricks,1,High
azure_tenant_status,4,Medium-Low
azure_video_indexer,3,Medium
azure_load_test,3,Medium
azure_disks,2,Medium-High
azure_globe_success,5,Low
azure_iot_central_applications,3,Medium
azure_connected_cache,4,Medium-Low
azure_aks_istio,3,Medium
azure_bare_metal_infrastructure,4,Medium-Low
azure_resource_graph_explorer,4,Medium-Low
azure_center_for_sap,4,Medium-Low
azure_orbital,5,Low
azure_api_connections,2,Medium-High
azure_defender_engineering_station,4,Medium-Low
azure_management_portal,4,Medium-Low
azure_marketplace,3,Medium
azure_exchange_access,4,Medium-Low
azure_entra_identity_licenses,3,Medium
azure_code_optimization,4,Medium-Low
azure_network_interfaces,2,Medium-High
azure_managed_applications_center,3,Medium
azure_notification_hub_namespaces,3,Medium
azure_virtual_clusters,3,Medium
azure_dns_zones,2,Medium-High
azure_arc_sql_managed_instance,3,Medium
azure_service_fabric_clusters,3,Medium
azure_public_ip_addresses_(classic),3,Medium
azure_arc_postgresql,3,Medium
azure_web_app_+_database,2,Medium-High
azure_file,2,Medium-High
azure_media_file,3,Medium
azure_red_hat_openshift,3,Medium
azure_files,2,Medium-High
azure_support_center_blue,5,Low
azure_collaborative_service,4,Medium-Low
azure_device_enrollment,4,Medium-Low
azure_preview_features,5,Low
azure_operator_service_manager,4,Medium-Low
azure_container_apps_environments,2,Medium-High
azure_bot_services,3,Medium
azure_object_understanding,4,Medium-Low
azure_cognitive_services_decisions,3,Medium
azure_app_compliance_automation,4,Medium-Low
azure_software_updates,4,Medium-Low
azure_entra_connect_health,3,Medium
azure_applied_ai_services,2,Medium-High
azure_disk_encryption_sets,3,Medium
azure_vpnclientwindows,4,Medium-Low
azure_devtest_labs,3,Medium
azure_nat,3,Medium
azure_service_endpoint_policies,3,Medium
azure_entra_identity_risky_signins,4,Medium-Low
azure_operator_5g_core,5,Low
azure_scheduler_job_collections,4,Medium-Low
azure_dns_multistack,4,Medium-Low
azure_defender_historian,5,Low
azure_extendedsecurityupdates,4,Medium-Low
azure_ceres,5,Low
azure_landing_zone,2,Medium-High
azure_activity_log,3,Medium
azure_fiji,5,Low
azure_data_factories,1,High
azure_local_network_gateways,3,Medium
azure_resource_mover,4,Medium-Low
azure_workbook,3,Medium
azure_azurite,4,Medium-Low
azure_browser,5,Low
azure_cubes,5,Low
azure_defender_industrial_scale_system,5,Low
azure_multi_factor_authentication,2,Medium-High
azure_subnet,2,Medium-High
azure_qna_makers,3,Medium
azure_change_analysis,4,Medium-Low
azure_vm_app_definitions,4,Medium-Low
azure_controls_horizontal,5,Low
azure_translator_text,3,Medium
azure_devops_starter,3,Medium
azure_firewall_policy,2,Medium-High
azure_device_configuration,4,Medium-Low
azure_custom_ip_prefix,4,Medium-Low
azure_entra_domain_services,2,Medium-High
azure_diagnostics_settings,3,Medium
azure_defender_external_management,5,Low
azure_automanaged_vm,4,Medium-Low
azure_app_registrations,2,Medium-High
azure_data_lake_store_gen1,2,Medium-High
azure_load_testing,3,Medium
azure_monitor_pipeline,3,Medium
azure_blockchain_service,4,Medium-Low
azure_sql_managed_instance,1,High
azure_entra_connect_sync,3,Medium
azure_managed_instance_apache_cassandra,3,Medium
azure_aks_automatic,2,Medium-High
azure_content_safety,3,Medium
azure_virtual_machine,1,High
azure_device_compliance,4,Medium-Low
azure_compliance,3,Medium
azure_workspaces,3,Medium
azure_custom_vision,3,Medium
azure_log_analytics_workspaces,2,Medium-High
azure_event_hub_clusters,2,Medium-High
azure_hcp_cache,4,Medium-Low
azure_managed_devops_pools,3,Medium
azure_netapp_files,2,Medium-High
azure_consumption_commitment,4,Medium-Low
azure_openai,1,High
azure_arc_kubernetes,2,Medium-High
azure_network_function_manager_functions,4,Medium-Low
azure_policy,2,Medium-High
azure_stack_hci_sizer,4,Medium-Low
azure_table,2,Medium-High
azure_icm_troubleshooting,5,Low
azure_managed_desktop,3,Medium
azure_front_door_and_cdn_profiles,2,Medium-High
azure_data_explorer_clusters,2,Medium-High
azure_osconfig,5,Low
azure_content_moderators,3,Medium
azure_user_settings,4,Medium-Low
azure_network_function_manager,4,Medium-Low
azure_managed_grafana,3,Medium
azure_dev_tunnels,4,Medium-Low
azure_elastic_job_agents,3,Medium
azure_resources_provider,4,Medium-Low
azure_batch_accounts,3,Medium
azure_virtual_wan_hub,3,Medium
azure_recent,5,Low
azure_stream_analytics_jobs,2,Medium-High
azure_migrate,3,Medium
azure_journey_hub,5,Low
azure_database_instance_for_sap,3,Medium
azure_microsoft_defender_easm,3,Medium
azure_machine_learning_studio_workspaces,1,High
azure_bug,5,Low
azure_database_mariadb_server,3,Medium
azure_sql_vm,2,Medium-High
azure_storage_queue,2,Medium-High
azure_tenant_properties,4,Medium-Low
azure_microsoft_defender_for_iot,3,Medium
azure_databox_gateway,3,Medium
azure_monitors_for_sap_solutions,4,Medium-Low
azure_feature_previews,5,Low
azure_shared_image_galleries,3,Medium
azure_computer_vision,2,Medium-High
azure_outbound_connection,3,Medium
azure_auto_scale,2,Medium-High
azure_monitor_dashboard,3,Medium
azure_alerts,2,Medium-High
azure_defender_industrial_robot,5,Low
azure_backup_center,3,Medium
azure_dedicated_hsm,4,Medium-Low
azure_iot_operations,3,Medium
azure_information_protection,3,Medium
azure_cdn_profiles,2,Medium-High
azure_ssd,3,Medium
azure_defender_dcs_controller,5,Low
azure_search,2,Medium-High
azure_ip_groups,3,Medium
azure_serverless_search,3,Medium
azure_spot_vm,3,Medium
azure_download,5,Low
azure_database_mysql_server,2,Medium-High
azure_chaos_studio,3,Medium
azure_ftp,4,Medium-Low
azure_storage_sync_services,3,Medium
azure_modular_data_center,5,Low
azure_frd_qa,5,Low
azure_fileshares,2,Medium-High
azure_data_virtualization,3,Medium
azure_logic_apps_custom_connector,3,Medium
azure_reserved_capacity,4,Medium-Low
azure_face_apis,3,Medium
azure_scvmm_management_servers,4,Medium-Low
azure_targets_management,5,Low
azure_reserved_ip_addresses_(classic),4,Medium-Low
azure_my_customers,5,Low
azure_detonation,5,Low
azure_mobile_engagement,4,Medium-Low
azure_resource_group_list,3,Medium
azure_vm_app_versions,4,Medium-Low
azure_gear,5,Low
azure_network_watcher,3,Medium
azure_update_management_center,4,Medium-Low
azure_code,5,Low
azure_error,5,Low
azure_entra_global_secure_access,3,Medium
azure_edge_storage_accelerator,4,Medium-Low
azure_controls,5,Low
azure_capacity_reservation_groups,4,Medium-Low
azure_mesh_applications,3,Medium
azure_media,3,Medium
azure_managed_file_shares,3,Medium
azure_bonsai,5,Low
azure_machinesazurearc,2,Medium-High
azure_cost_export,4,Medium-Low
azure_help_and_support,5,Low
azure_elastic_san,4,Medium-Low
azure_aquila,5,Low
azure_iot_hub,2,Medium-High
azure_devices,3,Medium
azure_education,5,Low
azure_deployment_environments,3,Medium
azure_resource_groups,1,High
azure_applens,5,Low
azure_partner_namespace,4,Medium-Low
azure_sentinel,2,Medium-High
azure_backup_vault,2,Medium-High
azure_azureattestation,4,Medium-Low
azure_cloud_services_(classic),3,Medium
azure_app_services,1,High
azure_integration_accounts,3,Medium
azure_marketplace_management,5,Low
azure_capacity,4,Medium-Low
azure_power_bi_embedded,3,Medium
azure_defender_marquee,4,Medium-Low
azure_database_postgresql_server_group,3,Medium
azure_entra_internet_access,3,Medium
azure_management_groups,2,Medium-High
azure_defender_slot,4,Medium-Low
azure_device_update_iot_hub,4,Medium-Low
azure_power_platform,3,Medium
azure_storage_accounts,1,High
azure_wac,5,Low
azure_verification_as_a_service,5,Low
azure_counter,5,Low
azure_recovery_services_vaults,2,Medium-High
azure_hdi_aks_cluster,3,Medium
azure_stack,2,Medium-High
azure_defender_industrial_printer,5,Low
azure_cognitive_services,2,Medium-High
azure_data_share_invitations,4,Medium-Low
azure_application_gateways,2,Medium-High
azure_log_streaming,4,Medium-Low
azure_identity_governance,3,Medium
azure_external_id_modified,5,Low
azure_intune_for_education,4,Medium-Low
azure_mobile,4,Medium-Low
azure_verifiable_credentials,4,Medium-Low
azure_service_catalog_mad,5,Low
azure_web_jobs,3,Medium
azure_compute_galleries,3,Medium
azure_abs_member,5,Low
azure_purview_accounts,3,Medium
azure_monitor_health_models,4,Medium-Low
azure_experimentation_studio,4,Medium-Low
azure_event_hubs,1,High
azure_proximity_placement_groups,4,Medium-Low
azure_event_grid_subscriptions,2,Medium-High
azure_hosts,4,Medium-Low
azure_web_slots,3,Medium
azure_database_postgresql_server,2,Medium-High
azure_a,5,Low
azure_folder_blank,5,Low
azure_region_management,4,Medium-Low
azure_static_apps,2,Medium-High
azure_internet_analyzer_profiles,5,Low
azure_defender_web_guiding_system,5,Low
azure_storage_accounts_(classic),3,Medium
azure_scheduler,4,Medium-Low
azure_system_topic,4,Medium-Low
azure_load_test2,3,Medium
azure_solutions,5,Low
azure_storsimple_device_managers,4,Medium-Low
azure_workflow,3,Medium
azure_oracle_database,3,Medium
azure_public_ip_prefixes,3,Medium
azure_test_base,4,Medium-Low
azure_entra_identity_roles_and_administrators,3,Medium
azure_globe_error,5,Low
azure_template_specs,3,Medium
azure_production_ready_database,4,Medium-Low
azure_key_vaults,1,High
azure_network_security_perimeters,3,Medium
azure_app_service_domains,3,Medium
azure_information,5,Low
azure_blueprints,3,Medium
azure_search_grid,5,Low
azure_firewall_manager,2,Medium-High
azure_consortium,5,Low
azure_digital_twins,3,Medium
azure_stack_hci_premium,3,Medium
azure_virtual_router,3,Medium
azure_immersive_readers,4,Medium-Low
azure_sonic_dash,5,Low
azure_virtual_network_gateways,2,Medium-High
azure_defender_freezer_monitor,5,Low
azure_sql_server,1,High
azure_device_security_google,5,Low
azure_time_series_insights_access_policies,4,Medium-Low
azure_metrics_advisor,4,Medium-Low
azure_personalizers,4,Medium-Low
azure_intune,2,Medium-High
azure_breeze,5,Low
azure_infrastructure_backup,3,Medium
azure_device_security_apple,5,Low
azure_administrative_units,4,Medium-Low
azure_fhir_service,4,Medium-Low
azure_multifactor_authentication,2,Medium-High
azure_service_health,3,Medium
azure_remote_rendering,4,Medium-Low
azure_database_migration_services,3,Medium
azure_open_supply_chain_platform,4,Medium-Low
azure_cache,2,Medium-High
azure_dashboard,3,Medium
azure_cloud_shell,3,Medium
azure_speech_services,3,Medium
azure_virtual_wans,2,Medium-High
azure_form_recognizers,3,Medium
azure_web_test,4,Medium-Low
azure_token_service,4,Medium-Low
azure_server_farm,3,Medium
azure_images,3,Medium
azure_log_analytics_query_pack,3,Medium
azure_automation_accounts,2,Medium-High
azure_versions,5,Low
azure_batch_ai,3,Medium
azure_confidential_ledgers,4,Medium-Low
azure_dns_private_resolver,3,Medium
azure_quickstart_center,5,Low
azure_windows10_core_services,4,Medium-Low
azure_dev_console,4,Medium-Low
azure_time_series_data_sets,4,Medium-Low
azure_quotas,4,Medium-Low
azure_virtual_enclaves,4,Medium-Low
azure_monitor,1,High
azure_defender_robot_controller,5,Low
azure_genomics_accounts,4,Medium-Low
azure_customer_lockbox_for_microsoft_azure,4,Medium-Low
azure_community_images,4,Medium-Low
azure_avs_vm,3,Medium
azure_network_security_groups,1,High
azure_microsoft_dev_box,3,Medium
azure_web_application_firewall_policies(waf),2,Medium-High
azure_heart,5,Low
azure_cost_management,2,Medium-High
azure_host_pools,3,Medium
azure_arc_data_services,3,Medium
azure_resource_explorer,4,Medium-Low
azure_cloud_services_(extended_support),3,Medium
azure_app_service_environments,3,Medium
azure_entra_connect,2,Medium-High
azure_lighthouse,3,Medium
azure_function_apps,1,High
azure_image_versions,3,Medium
azure_spot_vmss,3,Medium
azure_location,4,Medium-Low
azure_ai_studio,2,Medium-High
azure_analysis_services,3,Medium
azure_resource_linked,4,Medium-Low
azure_module,5,Low
azure_plans,4,Medium-Low
azure_network_managers,3,Medium
azure_identity_secure_score,4,Medium-Low
azure_cognitive_search,2,Medium-High
azure_integration_environments,3,Medium
azure_storage_mover,4,Medium-Low
azure_external_identities,3,Medium
azure_machine_learning_studio_web_service_plans,3,Medium
azure_edge_management,4,Medium-Low
azure_container_instances,1,High
azure_disks_(classic),3,Medium
azure_launch_portal,5,Low
azure_kubernetes_fleet_manager,3,Medium
azure_ip_address_manager,4,Medium-Low
azure_on_premises_data_gateways,3,Medium
azure_intune_trends,4,Medium-Low
azure_virtual_networks_(classic),3,Medium
azure_arc,2,Medium-High
azure_defender_industrial_packaging_system,5,Low
azure_process_explorer,5,Low
azure_operator_nexus,4,Medium-Low
azure_sql_server_registries,4,Medium-Low
azure_vm_images_(classic),3,Medium
azure_sql_elastic_pools,2,Medium-High
azure_express_route_traffic_collector,4,Medium-Low
azure_worker_container_app,3,Medium
azure_troubleshoot,5,Low
azure_import_export_jobs,4,Medium-Low
azure_tag,5,Low
azure_os_images_(classic),3,Medium
azure_defender_pneumatic_device,5,Low
azure_entra_privleged_identity_management,3,Medium
azure_metrics,2,Medium-High
azure_exchange_on_premises_access,4,Medium-Low
azure_kubernetes_services,1,High
azure_bastions,3,Medium
azure_industrial_iot,4,Medium-Low
azure_entra_verified_id,4,Medium-Low
azure_dns_security_policy,3,Medium
azure_virtual_machines_(classic),2,Medium-High
azure_route_filters,4,Medium-Low
azure_guide,5,Low
azure_partner_topic,4,Medium-Low
azure_app_service_certificates,3,Medium
azure_sql_server_stretch_databases,4,Medium-Low
azure_tags,3,Medium
azure_sql_database_fleet_manager,4,Medium-Low
azure_vm_image_version,3,Medium
azure_entra_id_protection,2,Medium-High
azure_globe_warning,5,Low
azure_tfs_vc_repository,4,Medium-Low
azure_power,5,Low
azure_sphere,4,Medium-Low
azure_website_power,4,Medium-Low
azure_expressroute_circuits,2,Medium-High
azure_language_understanding,3,Medium
azure_storage_explorer,3,Medium
azure_peering_service,4,Medium-Low
azure_lab_services,4,Medium-Low
azure_universal_print,5,Low
azure_defender_hmi,5,Low
azure_edge_hardware_center,4,Medium-Low
azure_iot_edge,2,Medium-High
azure_anomaly_detector,3,Medium
azure_virtual_visits_builder,5,Low
azure_compliance_center,4,Medium-Low
azure_endpoint_analytics,4,Medium-Low
azure_hpc_workbenches,4,Medium-Low
azure_learn,5,Low
azure_event_grid_topics,3,Medium
azure_client_apps,3,Medium
azure_workload_orchestration,4,Medium-Low
azure_connected_vehicle_platform,4,Medium-Low
azure_application_group,3,Medium
azure_blockchain_applications,4,Medium-Low
azure_language,2,Medium-High
azure_sql,1,High
azure_groups,3,Medium
azure_entra_identity_custom_roles,3,Medium
azure_templates,3,Medium
azure_conditional_access,2,Medium-High
azure_load_balancers,1,High
azure_mindaro,5,Low
azure_storsimple_data_managers,4,Medium-Low
azure_device_security_windows,4,Medium-Low
azure_advisor,3,Medium
azure_image_definitions,3,Medium
azure_blob_page,3,Medium
azure_container_registries,2,Medium-High
azure_private_link,2,Medium-High
azure_website_staging,4,Medium-Low
azure_enterprise_applications,3,Medium
azure_builds,3,Medium
azure_defender_distributer_control_system,5,Low
azure_sql_data_warehouses,2,Medium-High
azure_cloudtest,5,Low
azure_stack_edge,4,Medium-Low
azure_software_as_a_service,4,Medium-Low
azure_blob_block,3,Medium
azure_user_subscriptions,3,Medium
azure_virtual_instance_for_sap,4,Medium-Low
azure_user_privacy,4,Medium-Low
azure_windows_notification_services,4,Medium-Low
azure_ad_b2c,2,Medium-High
azure_data_shares,4,Medium-Low
azure_toolchain_orchestrator,5,Low
azure_lab_accounts,4,Medium-Low
azure_commit,5,Low
azure_application_insights,1,High
azure_notification_hubs,3,Medium
azure_sql_edge,4,Medium-Low
azure_cosmos_db,1,High
azure_virtual_networks,1,High
azure_app_configuration,3,Medium
azure_entra_identity_risky_users,4,Medium-Low
azure_arc_sql_server,4,Medium-Low
azure_offers,5,Low
azure_mobile_networks,4,Medium-Low
azure_private_link_service,2,Medium-High
azure_hd_insight_clusters,2,Medium-High
azure_restore_points,3,Medium
azure_peerings,4,Medium-Low
azure_atm_multistack,5,Low
azure_host_groups,3,Medium
azure_restore_points_collections,3,Medium
azure_vmware_solution,2,Medium-High
azure_intune_app_protection,3,Medium
azure_cache_redis,2,Medium-High
azure_multi_tenancy,4,Medium-Low
azure_reservations,3,Medium
azure_api_center,4,Medium-Low
azure_load_balancer_hub,3,Medium
azure_application_security_groups,2,Medium-High
azure_defender_programable_board,5,Low
azure_ebooks,5,Low
azure_image,3,Medium
azure_folder_website,4,Medium-Low
azure_disk_pool,4,Medium-Low
azure_sql_database,1,High
azure_operation_log_(classic),4,Medium-Low
azure_mission_landing_zone,4,Medium-Low
azure_extensions,3,Medium
azure_updates,3,Medium
azure_ai_at_edge,3,Medium
azure_microsoft_defender_for_cloud,2,Medium-High
azure_savings_plans,4,Medium-Low
azure_app_service_plans,2,Medium-High
azure_devops,1,High
azure_storage_container,2,Medium-High
azure_managed_service_fabric,3,Medium
azure_partner_registration,4,Medium-Low
azure_entra_private_access,4,Medium-Low
azure_connections,3,Medium
azure_defender_rtu,5,Low
azure_data_box,3,Medium
azure_private_link_services,2,Medium-High
azure_powershell,4,Medium-Low
azure_firewalls,1,High
azure_service_providers,4,Medium-Low
azure_data_catalog,4,Medium-Low
azure_free_services,5,Low
azure_integration_service_environments,3,Medium
azure_defender_plc,5,Low
azure_virtual_desktop,2,Medium-High
azure_engage_center_connect,5,Low
azure_cost_budgets,3,Medium
azure_vm_scale_sets,1,High
azure_machine_learning,1,High
azure_defender_relay,5,Low
azure_resource_guard,4,Medium-Low
azure_resource_management_private_link,4,Medium-Low
azure_data_lake_storage_gen1,2,Medium-High
azure_route_tables,2,Medium-High
azure_wac_installer,5,Low
azure_event_grid_domains,3,Medium
azure_branch,5,Low
azure_app_space_component,4,Medium-Low
azure_synapse_analytics,1,High
azure_api_management_services,1,High
azure_security,2,Medium-High
azure_application_gateway_containers,3,Medium
azure_external_id,4,Medium-Low
azure_business_process_tracking,4,Medium-Low
azure_maps_accounts,3,Medium
azure_medtech_service,4,Medium-Low
azure_defender_sensor,5,Low
azure_machine_learning_studio_(classic)_web_services,3,Medium
azure_cost_analysis,3,Medium
azure_storage_functions,3,Medium
azure_logic_apps,1,High
azure_defender_meter,5,Low
azure_maintenance_configuration,3,Medium
azure_video_analyzers,3,Medium
azure_keys,3,Medium
azure_image_templates,3,Medium
azure_backlog,5,Low
azure_public_ip_addresses,2,Medium-High
azure_spatial_anchor_accounts,4,Medium-Low
azure_api_proxy,4,Medium-Low
azure_active_directory_connect_health,3,Medium
azure_defender_cm_local_manager,5,Low
azure_data_collection_rules,3,Medium
azure_time_series_insights_environments,3,Medium
azure_traffic_manager_profiles,2,Medium-High
azure_workspace_gateway,4,Medium-Low
azure_signalr,3,Medium
azure_entra_managed_identities,3,Medium
azure_availability_sets,2,Medium-High
azure_compute_fleet,4,Medium-Low
azure_workbooks,3,Medium
azure_managed_identities,3,Medium
azure_ssh_keys,3,Medium
azure_genomics,4,Medium-Low
azure_expressroute_direct,3,Medium
azure_instance_pools,3,Medium
azure_container_services_(deprecated),4,Medium-Low
azure_dashboard_hub,4,Medium-Low
azure_arc_machines,3,Medium
azure_input_output,4,Medium-Low
azure_communication_services,3,Medium
azure_sustainability,5,Low
azure_programmable_connectivity,4,Medium-Low
azure_time_series_insights_event_sources,3,Medium
azure_api_for_fhir,4,Medium-Low
azure_rtos,4,Medium-Low
azure_media_service,3,Medium
azure_ddos_protection_plans,2,Medium-High
azure_relays,3,Medium
azure_service_bus,2,Medium-High
azure_data_lake_analytics,3,Medium
azure_all_resources,3,Medium
azure_device_provisioning_services,4,Medium-Low
azure_edge_actions,5,Low
azure_private_endpoints,3,Medium
azure_hybrid_center,4,Medium-Low
gcp_user_preferences,5,Low
gcp_fleet_engine,4,Medium-Low
gcp_cloud_media_edge,4,Medium-Low
gcp_data_labeling,4,Medium-Low
gcp_policy_analyzer,3,Medium
gcp_anthos_config_management,3,Medium
gcp_cloud_armor,3,Medium
gcp_datashare,4,Medium-Low
gcp_web_security_scanner,4,Medium-Low
gcp_workload_identity_pool,4,Medium-Low
gcp_datastore,2,Medium-High
gcp_os_patch_management,4,Medium-Low
gcp_cloud_vision_api,2,Medium-High
gcp_stream_suite,5,Low
gcp_cloud_translation_api,3,Medium
gcp_batch,3,Medium
gcp_vmware_engine,3,Medium
gcp_cloud_deploy,3,Medium
gcp_certificate_authority_service,4,Medium-Low
gcp_retail_api,4,Medium-Low
gcp_ai_hub,3,Medium
gcp_security_key_enforcement,4,Medium-Low
gcp_container_registry,2,Medium-High
gcp_cloud_healthcare_api,4,Medium-Low
gcp_profiler,4,Medium-Low
gcp_cloud_ops,3,Medium
gcp_anthos,2,Medium-High
gcp_cloud_firewall_rules,3,Medium
gcp_cloud_ids,4,Medium-Low
gcp_dataproc,2,Medium-High
gcp_video_intelligence_api,4,Medium-Low
gcp_my_cloud,5,Low
gcp_api_analytics,4,Medium-Low
gcp_advanced_solutions_lab,5,Low
gcp_automl_tables,3,Medium
gcp_cloud_optimization_ai_fleet_routing_api,5,Low
gcp_phishing_protection,4,Medium-Low
gcp_pubsub,1,High
gcp_security_command_center,3,Medium
gcp_data_transfer,3,Medium
gcp_dataprep,4,Medium-Low
gcp_os_configuration_management,4,Medium-Low
gcp_security_health_advisor,4,Medium-Low
gcp_cloud_interconnect,3,Medium
gcp_cloud_logging,2,Medium-High
gcp_speech_to_text,3,Medium
gcp_cloud_inference_api,4,Medium-Low
gcp_cloud_cdn,2,Medium-High
gcp_google_maps_platform,3,Medium
gcp_automl_translation,4,Medium-Low
gcp_automl_video_intelligence,4,Medium-Low
gcp_partner_portal,5,Low
gcp_stackdriver,3,Medium
gcp_home,5,Low
gcp_cloud_functions,1,High
gcp_cloud_optimization_ai,4,Medium-Low
gcp_bare_metal_solutions,4,Medium-Low
gcp_automl_natural_language,4,Medium-Low
gcp_database_migration_service,3,Medium
gcp_cloud_healthcare_marketplace,5,Low
gcp_permissions,4,Medium-Low
gcp_cloud_load_balancing,1,High
gcp_network_tiers,4,Medium-Low
gcp_dialogflow,3,Medium
gcp_automl_vision,4,Medium-Low
gcp_dialogflow_insights,4,Medium-Low
gcp_web_risk,4,Medium-Low
gcp_media_translation_api,4,Medium-Low
gcp_data_qna,5,Low
gcp_quantum_engine,5,Low
gcp_data_studio,3,Medium
gcp_cloud_asset_inventory,4,Medium-Low
gcp_cloud_api_gateway,2,Medium-High
gcp_secret_manager,2,Medium-High
gcp_cloud_sql,1,High
gcp_virtual_private_cloud,1,High
gcp_cloud_spanner,2,Medium-High
gcp_financial_services_marketplace,5,Low
gcp_partner_interconnect,4,Medium-Low
gcp_memorystore,3,Medium
gcp_cloud_generic,5,Low
gcp_cloud_build,2,Medium-High
gcp_api,3,Medium
gcp_cloud_external_ip_addresses,4,Medium-Low
gcp_identity_and_access_management,1,High
gcp_real_world_insights,5,Low
gcp_cloud_audit_logs,3,Medium
gcp_data_layers,5,Low
gcp_api_monetization,5,Low
gcp_recommendations_ai,4,Medium-Low
gcp_artifact_registry,3,Medium
gcp_game_servers,4,Medium-Low
gcp_cloud_tpu,4,Medium-Low
gcp_migrate_for_anthos,4,Medium-Low
gcp_debugger,4,Medium-Low
gcp_catalog,4,Medium-Low
gcp_cloud_data_fusion,3,Medium
gcp_cloud_security_scanner,4,Medium-Low
gcp_cloud_run,1,High
gcp_datastream,3,Medium
gcp_connectors,4,Medium-Low
gcp_beyondcorp,4,Medium-Low
gcp_migrate_for_compute_engine,4,Medium-Low
gcp_identity_platform,3,Medium
gcp_release_notes,5,Low
gcp_cloud_dns,2,Medium-High
gcp_eventarc,3,Medium
gcp_cloud_jobs_api,4,Medium-Low
gcp_cloud_run_for_anthos,3,Medium
gcp_cloud_gpu,3,Medium
gcp_apigee_sense,4,Medium-Low
gcp_cloud_natural_language_api,3,Medium
gcp_cloud_network,2,Medium-High
gcp_connectivity_test,4,Medium-Low
gcp_performance_dashboard,4,Medium-Low
gcp_analytics_hub,4,Medium-Low
gcp_os_inventory_management,4,Medium-Low
gcp_private_connectivity,3,Medium
gcp_risk_manager,4,Medium-Low
gcp_onboarding,5,Low
gcp_assured_workloads,4,Medium-Low
gcp_trace,4,Medium-Low
gcp_error_reporting,3,Medium
gcp_cloud_for_marketing,5,Low
gcp_access_context_manager,4,Medium-Low
gcp_dialogflow_cx,3,Medium
gcp_traffic_director,4,Medium-Low
gcp_google_cloud_marketplace,4,Medium-Low
gcp_document_ai,3,Medium
gcp_dataplex,3,Medium
gcp_developer_portal,5,Low
gcp_cloud_scheduler,2,Medium-High
gcp_tensorflow_enterprise,3,Medium
gcp_ai_platform_unified,2,Medium-High
gcp_cloud_storage,1,High
gcp_project,3,Medium
gcp_cloud_code,4,Medium-Low
gcp_cloud_router,3,Medium
gcp_persistent_disk,2,Medium-High
gcp_cloud_composer,3,Medium
gcp_datapol,5,Low
gcp_cloud_ekm,4,Medium-Low
gcp_tools_for_powershell,5,Low
gcp_data_catalog,3,Medium
gcp_cloud_test_lab,4,Medium-Low
gcp_managed_service_for_microsoft_active_directory,4,Medium-Low
gcp_iot_edge,4,Medium-Low
gcp_binary_authorization,4,Medium-Low
gcp_cloud_tasks,3,Medium
gcp_cloud_routes,4,Medium-Low
gcp_data_loss_prevention_api,3,Medium
gcp_bigquery,1,High
gcp_identity_aware_proxy,3,Medium
gcp_firestore,2,Medium-High
gcp_support,5,Low
gcp_transfer,4,Medium-Low
gcp_local_ssd,4,Medium-Low
gcp_looker,3,Medium
gcp_runtime_config,4,Medium-Low
gcp_certificate_manager,3,Medium
gcp_service_discovery,4,Medium-Low
gcp_launcher,5,Low
gcp_google_kubernetes_engine,1,High
gcp_healthcare_nlp_api,4,Medium-Low
gcp_app_engine,2,Medium-High
gcp_agent_assist,4,Medium-Low
gcp_network_connectivity_center,3,Medium
gcp_anthos_service_mesh,3,Medium
gcp_configuration_management,4,Medium-Low
gcp_text_to_speech,3,Medium
gcp_cloud_hsm,4,Medium-Low
gcp_transfer_appliance,4,Medium-Low
gcp_free_trial,5,Low
gcp_network_topology,4,Medium-Low
gcp_cloud_endpoints,3,Medium
gcp_compute_engine,1,High
gcp_ai_platform,2,Medium-High
gcp_early_access_center,5,Low
gcp_billing,4,Medium-Low
gcp_filestore,3,Medium
gcp_visual_inspection,4,Medium-Low
gcp_quotas,4,Medium-Low
gcp_cloud_monitoring,2,Medium-High
gcp_dataflow,2,Medium-High
gcp_cloud_apis,3,Medium
gcp_workflows,3,Medium
gcp_vertex_ai,1,High
gcp_key_management_service,2,Medium-High
gcp_gke_on_prem,4,Medium-Low
gcp_gce_systems_management,4,Medium-Low
gcp_automl,3,Medium
gcp_security,3,Medium
gcp_datalab,4,Medium-Low
gcp_network_intelligence_center,4,Medium-Low
gcp_cloud_deployment_manager,3,Medium
gcp_cloud_vpn,3,Medium
gcp_standard_network_tier,4,Medium-Low
gcp_key_access_justifications,5,Low
gcp_administration,4,Medium-Low
gcp_apigee_api_platform,3,Medium
gcp_private_service_connect,3,Medium
gcp_premium_network_tier,4,Medium-Low
gcp_cloud_shell,4,Medium-Low
gcp_iot_core,3,Medium
gcp_genomics,5,Low
gcp_cloud_nat,3,Medium
gcp_container_optimized_os,4,Medium-Low
gcp_bigtable,2,Medium-High
gcp_producer_portal,5,Low
gcp_kuberun,4,Medium-Low
gcp_asset_inventory,4,Medium-Low
gcp_cloud_domains,4,Medium-Low
gcp_contact_center_ai,5,Low
gcp_dataproc_metastore,4,Medium-Low
gcp_network_security,3,Medium
gcp_advanced_agent_modeling,5,Low
aws_tape_storage_light,5,Low
aws_users_light,3,Medium
aws_amazon_bedrock,2,Medium-High
aws_directory_service_aws_managed_microsoft_ad,3,Medium
aws_amazon_file_cache,4,Medium-Low
aws_simple_storage_service_s3_tables,3,Medium
aws_aurora_amazon_rds_instance,1,High
aws_backup_compliance_reporting,4,Medium-Low
aws_eventbridge_custom_event_bus,2,Medium-High
aws_amazon_appflow,3,Medium
aws_thinkbox_frost,5,Low
aws_simple_storage_service_s3_intelligent_tiering,3,Medium
aws_elastic_block_store_multiple_volumes,2,Medium-High
aws_amazon_fraud_detector,4,Medium-Low
aws_deeplens,5,Low
aws_iot_thing_travel,5,Low
aws_service_catalog,3,Medium
aws_parallel_computing_service,4,Medium-Low
aws_amazon_elastic_container_service,1,High
aws_workspaces_family_amazon_workspaces_core,3,Medium
aws_magnifying_glass_light,5,Low
aws_alert_light,5,Low
aws_credentials_dark,4,Medium-Low
aws_oracle_database_at_aws,3,Medium
aws_amazon_fsx_for_openzfs,4,Medium-Low
aws_systems_manager_session_manager,3,Medium
aws_iot_greengrass,3,Medium
aws_cloudwatch_alarm,2,Medium-High
aws_simple_storage_service_s3_object_lock,4,Medium-Low
aws_amazon_managed_service_for_apache_flink,4,Medium-Low
aws_migration_hub_refactor_spaces_services,5,Low
aws_x_ray,2,Medium-High
aws_recover_dark,5,Low
aws_authenticated_user_dark,4,Medium-Low
aws_iot_sitewise_asset_model,4,Medium-Low
aws_billing_conductor,4,Medium-Low
aws_resource_access_manager,3,Medium
aws_inspector_agent,3,Medium
aws_amazon_gamelift,4,Medium-Low
aws_redshift_streaming_ingestion,4,Medium-Low
aws_datasync_discovery,4,Medium-Low
aws_globe_dark,5,Low
aws_amazon_redshift,1,High
aws_elastic_beanstalk_deployment,2,Medium-High
aws_security_hub_finding,3,Medium
aws_elastic_container_service_copiiot_cli,4,Medium-Low
aws_vpc_nat_gateway,2,Medium-High
aws_iam_identity_center,2,Medium-High
aws_opensearch_service_ultrawarm_node,4,Medium-Low
aws_cloudwatch_rule,3,Medium
aws_appfabric,4,Medium-Low
aws_wavelength,4,Medium-Low
aws_opensearch_service_index,4,Medium-Low
aws_application_discovery_service_migration_evaluator_collector,5,Low
aws_vpc_traffic_mirroring,3,Medium
aws_question_light,5,Low
aws_bottlerocket,4,Medium-Low
aws_health_dashboard,3,Medium
aws_iot_http2_protocol,5,Low
aws_elemental_mediaconvert,3,Medium
aws_iot_fire_tv_stick,5,Low
aws_iot_fire_tv,5,Low
aws_iot_sensor,4,Medium-Low
aws_systems_manager_change_manager,4,Medium-Low
aws_iot_topic,4,Medium-Low
aws_amazon_elasticache,1,High
aws_license_manager_application_discovery,5,Low
aws_deep_learning_containers,3,Medium
aws_amazon_workspaces_family,3,Medium
aws_client_dark,5,Low
aws_amazon_textract,3,Medium
aws_application_discovery_service_aws_discovery_agent,5,Low
aws_cloud_control_api,4,Medium-Low
aws_amazon_devops_guru,3,Medium
aws_backup_audit_manager,4,Medium-Low
aws_opensearch_service_traces,4,Medium-Low
aws_emr_hdfs_cluster,3,Medium
aws_robomaker_development_environment,4,Medium-Low
aws_vpc_virtual_private_cloud_vpc,1,High
aws_file_cache_s3_linked_datasets,4,Medium-Low
aws_end_user_messaging,4,Medium-Low
aws_elasticache_elasticache_for_memcached,2,Medium-High
aws_braket_simulator_1,5,Low
aws_deadline_cloud,4,Medium-Low
aws_application_discovery_service_aws_agentless_collector,5,Low
aws_amazon_sagemaker_studio_lab,3,Medium
aws_saml_token_light,4,Medium-Low
aws_cloudwatch_logs,2,Medium-High
aws_iot_greengrass_interprocess_communication,5,Low
aws_iot_thing_coffee_pot,5,Low
aws_backup_backup_plan,3,Medium
aws_iot_greengrass_protocol,5,Low
aws_elastic_kubernetes_service_eks_on_outposts,3,Medium
aws_iq,5,Low
aws_identity_access_management_add_on,4,Medium-Low
aws_vpc_peering_connection,2,Medium-High
aws_documentdb_elastic_clusters,3,Medium
aws_clean_rooms,4,Medium-Low
aws_iot_analytics_dataset,4,Medium-Low
aws_simple_storage_service_s3_storage_lens,3,Medium
aws_amazon_emr,2,Medium-High
aws_elastic_load_balancing_application_load_balancer,1,High
aws_iot_sitewise_asset_properties,4,Medium-Low
aws_backup_virtual_machine_monitor,4,Medium-Low
aws_elastic_fabric_adapter,4,Medium-Low
aws_elemental_mediapackage,3,Medium
aws_amazon_fsx_for_lustre,3,Medium
aws_rds_multi_az_db_cluster,2,Medium-High
aws_braket_noise_simulator,5,Low
aws_ssl_padlock_dark,4,Medium-Low
aws_snowball_snowball_import_export,4,Medium-Low
aws_resilience_hub,3,Medium
aws_documents_dark,5,Low
aws_amazon_vpc_lattice,3,Medium
aws_pytorch_on_aws,3,Medium
aws_simple_storage_service_s3_object_lambda_access_points,4,Medium-Low
aws_amazon_comprehend_medical,4,Medium-Low
aws_rds_proxy_instance_alternate,3,Medium
aws_route_53_resolver_dns_firewall,3,Medium
aws_cloudwatch_event_event_based,3,Medium
aws_iot_action,5,Low
aws_amazon_datazone,3,Medium
aws_iot_thing_cart,5,Low
aws_iot_thing_stacklight,5,Low
aws_simple_storage_service_s3_on_outposts,4,Medium-Low
aws_codeartifact,3,Medium
aws_iot_device_defender,4,Medium-Low
aws_iot_lambda_function,4,Medium-Low
aws_elastic_container_service_task,2,Medium-High
aws_app_mesh_virtual_node,3,Medium
aws_amazon_dcv,4,Medium-Low
aws_private_5g,4,Medium-Low
aws_systems_manager_compliance,4,Medium-Low
aws_app_studio,4,Medium-Low
aws_users_dark,4,Medium-Low
aws_generic_application_dark,4,Medium-Low
aws_app_mesh,3,Medium
aws_elemental_mediastore,4,Medium-Low
aws_dynamodb_items,3,Medium
aws_iot_sitewise,3,Medium
aws_distro_for_opentelemetry,4,Medium-Low
aws_iot_simulator,5,Low
aws_elastic_container_service_container_3,3,Medium
aws_aurora_sql_server_instance,3,Medium
aws_transfer_family,3,Medium
aws_waf_bad_bot,4,Medium-Low
aws_route_53_routing_controls,4,Medium-Low
aws_elastic_block_store_volume,1,High
aws_lambda_lambda_function,1,High
aws_amazon_ecs_anywhere,3,Medium
aws_mq_broker,3,Medium
aws_iot_button,5,Low
aws_amazon_fsx_for_wfs,4,Medium-Low
aws_iot_desired_state,5,Low
aws_iot_fleetwise,4,Medium-Low
aws_red_hat_openshift_service_on_aws,3,Medium
aws_ground_station,4,Medium-Low
aws_storage_gateway_virtual_tape_library,4,Medium-Low
aws_amazon_rekognition,2,Medium-High
aws_elastic_block_store_volume_gp3,2,Medium-High
aws_alert_dark,5,Low
aws_dynamodb_standard_infrequent_access_table_class,4,Medium-Low
aws_alexa_for_business,5,Low
aws_systems_manager,2,Medium-High
aws_simple_storage_service_s3_multi_region_access_points,3,Medium
aws_amazon_managed_service_for_prometheus,3,Medium
aws_sagemaker_notebook,2,Medium-High
aws_amazon_lex,3,Medium
aws_aurora_sql_server_instance_alternate,3,Medium
aws_network_firewall_endpoints,3,Medium
aws_elemental_conductor,4,Medium-Low
aws_transfer_family_aws_ftps,4,Medium-Low
aws_aurora_amazon_rds_instance_aternate,2,Medium-High
aws_thinkbox_xmesh,5,Low
aws_iot_hardware_board,5,Low
aws_systems_manager_state_manager,4,Medium-Low
aws_devops_guru_insights,4,Medium-Low
aws_elastic_file_system_efs_intelligent_tiering,3,Medium
aws_waf_labels,4,Medium-Low
aws_elemental_mediaconnect,4,Medium-Low
aws_storage_gateway_tape_gateway,4,Medium-Low
aws_audit_manager,3,Medium
aws_deep_learning_amis,4,Medium-Low
aws_chatbot,4,Medium-Low
aws_activate,5,Low
aws_amplify_aws_amplify_studio,3,Medium
aws_route_53_route_table,2,Medium-High
aws_secrets_manager,2,Medium-High
aws_simple_storage_service_bucket,1,High
aws_iot_sailboat,5,Low
aws_iot_thing_windfarm,5,Low
aws_nice_enginframe,5,Low
aws_location_service_place,4,Medium-Low
aws_route_53_resolver_query_logging,4,Medium-Low
aws_ec2_aws_microservice_extractor_for_.net,5,Low
aws_elastic_beanstalk,2,Medium-High
aws_source_code_light,4,Medium-Low
aws_internet_dark,4,Medium-Low
aws_amazon_translate,3,Medium
aws_iot_thing_door_lock,5,Low
aws_elastic_container_service_container_2,1,High
aws_amazon_inspector,3,Medium
aws_simple_storage_service_object,1,High
aws_vpc_carrier_gateway,4,Medium-Low
aws_json_script_light,5,Low
aws_iot_servo,5,Low
aws_amazon_finspace,4,Medium-Low
aws_systems_manager_inventory,3,Medium
aws_location_service_map,4,Medium-Low
aws_migration_hub,3,Medium
aws_gear_dark,5,Low
aws_artifact,4,Medium-Low
aws_iot_device_gateway,3,Medium
aws_iot_policy,3,Medium
aws_healthomics,4,Medium-Low
aws_database_dark,5,Low
aws_amazon_s3_on_outposts,3,Medium
aws_iot_lorawan_protocol,5,Low
aws_opensearch_service_observability,4,Medium-Low
aws_command_line_interface,2,Medium-High
aws_opensearch_service_cluster_administrator_node,5,Low
aws_data_stream_dark,5,Low
aws_storage_gateway_noncached_volume,4,Medium-Low
aws_glue,2,Medium-High
aws_organizations_account,3,Medium
aws_fargate,2,Medium-High
aws_lake_formation_data_lake,3,Medium
aws_folder_light,5,Low
aws_chat_dark,5,Low
aws_elemental_mediaconnect_mediaconnect_gateway,5,Low
aws_cloud_map_resource,4,Medium-Low
aws_iot_sitewise_asset_hierarchy,4,Medium-Low
aws_dynamodb_stream,3,Medium
aws_amazon_elastic_vmware_service,4,Medium-Low
aws_firewall_manager,3,Medium
aws_panorama,5,Low
aws_marketplace_light,4,Medium-Low
aws_iot_analytics,3,Medium
aws_systems_manager_change_calendar,4,Medium-Low
aws_elastic_beanstalk_application,3,Medium
aws_git_repository_light,4,Medium-Low
aws_iot_greengrass_component_public,4,Medium-Low
aws_iot_reported_state,5,Low
aws_backup_aws_backup_support_for_vmware_workloads,4,Medium-Low
aws_systems_manager_documents,3,Medium
aws_cloudwatch_synthetics,3,Medium
aws_shield_light,4,Medium-Low
aws_toolkit_light,4,Medium-Low
aws_config,2,Medium-High
aws_cloudformation_stack,2,Medium-High
aws_payment_cryptography,5,Low
aws_eventbridge_default_event_bus,3,Medium
aws_proton,4,Medium-Low
aws_application_migration_service,3,Medium
aws_amazon_lightsail,3,Medium
aws_amazon_comprehend,3,Medium
aws_application_discovery_service,4,Medium-Low
aws_user_notifications,5,Low
aws_amazon_chime,4,Medium-Low
aws_vpc_vpn_gateway,2,Medium-High
aws_workspaces_family_amazon_workspaces,3,Medium
aws_iot_analytics_notebook,4,Medium-Low
aws_cloudfront_download_distribution,2,Medium-High
aws_managed_blockchain_blockchain,4,Medium-Low
aws_elastic_file_system_elastic_throughput,3,Medium
aws_client_vpn,3,Medium
aws_iot_greengrass_connector,4,Medium-Low
aws_iot_alexa_skill,5,Low
aws_cloud_map_service,4,Medium-Low
aws_amazon_eks_distro,4,Medium-Low
aws_iot_http_protocol,5,Low
aws_waf_bot,4,Medium-Low
aws_ec2_instance,1,High
aws_amazon_transcribe,3,Medium
aws_b2b_data_interchange,5,Low
aws_cost_and_usage_report,3,Medium
aws_server_light,4,Medium-Low
aws_transfer_family_aws_sftp,3,Medium
aws_amazon_workdocs_sdk,4,Medium-Low
aws_security_hub,2,Medium-High
aws_cloud_wan_segment_network,4,Medium-Low
aws_amazon_connect,3,Medium
aws_iot_expresslink,5,Low
aws_amazon_eks_cloud,2,Medium-High
aws_mainframe_modernization_developer,5,Low
aws_systems_manager_run_command,3,Medium
aws_repost,5,Low
aws_rds_optimized_writes,4,Medium-Low
aws_simple_notification_service_email_notification,2,Medium-High
aws_identity_access_management_iam_access_analyzer,3,Medium
aws_simple_queue_service_message,2,Medium-High
aws_healthscribe,5,Low
aws_cloud_digital_interface,5,Low
aws_cold_storage_dark,5,Low
aws_vpc_flow_logs,3,Medium
aws_backup_aws_backup_support_for_amazon_s3,4,Medium-Low
aws_dynamodb_table,1,High
aws_device_farm,4,Medium-Low
aws_eventbridge_schema,4,Medium-Low
aws_redshift_data_sharing_governance,4,Medium-Low
aws_elasticache_elasticache_for_redis,2,Medium-High
aws_cloudformation_change_set,3,Medium
aws_amazon_lightsail_for_research,5,Low
aws_rds_multi_az,3,Medium
aws_iot_events,4,Medium-Low
aws_amazon_managed_blockchain,4,Medium-Low
aws_ec2_auto_scaling,2,Medium-High
aws_braket_chip,5,Low
aws_amazon_sagemaker_ai,2,Medium-High
aws_local_zones,4,Medium-Low
aws_iot_rule,3,Medium
aws_amazon_braket,4,Medium-Low
aws_braket_state_vector,5,Low
aws_backup_backup_vault,3,Medium
aws_sagemaker_shadow_testing,4,Medium-Low
aws_credentials_light,4,Medium-Low
aws_mainframe_modernization_analyzer,5,Low
aws_thinkbox_krakatoa,5,Low
aws_site_to_site_vpn,2,Medium-High
aws_amazon_managed_streaming_for_apache_kafka,3,Medium
aws_ec2_instance_with_cloudwatch,2,Medium-High
aws_shield,3,Medium
aws_mainframe_modernization_compiler,5,Low
aws_signer,4,Medium-Low
aws_codebuild,2,Medium-High
aws_migration_hub_refactor_spaces_applications,5,Low
aws_backup_storage,4,Medium-Low
aws_thinkbox_stoke,5,Low
aws_fault_injection_service,4,Medium-Low
aws_database_migration_service,2,Medium-High
aws_documents_light,5,Low
aws_neuron,4,Medium-Low
aws_snowball,3,Medium
aws_backup_recovery_time_objective,4,Medium-Low
aws_ec2_rescue,5,Low
aws_management_console_light,4,Medium-Low
aws_iot_greengrass_recipe,4,Medium-Low
aws_apache_mxnet_on_aws,4,Medium-Low
aws_amazon_nova,5,Low
aws_vpc_elastic_network_interface,3,Medium
aws_iot_thing_industrial_pc,5,Low
aws_iot_sitewise_asset,4,Medium-Low
aws_iot_thing_plc,5,Low
aws_waf,2,Medium-High
aws_iot_thing_freertos_device,5,Low
aws_cloudwatch_data_protection,4,Medium-Low
aws_sagemaker_geospatial_ml,4,Medium-Low
aws_iot_thing_car,5,Low
aws_elasticache_elasticache_for_valkey,4,Medium-Low
aws_amazon_aurora,2,Medium-High
aws_elemental_appliances_&_software,5,Low
aws_amazon_macie,3,Medium
aws_aurora_mysql_instance_alternate,3,Medium
aws_cloudwatch_metrics_insights,3,Medium
aws_cloudformation,1,High
aws_iot_twinmaker,4,Medium-Low
aws_cloud9_cloud9,3,Medium
aws_api_gateway_endpoint,2,Medium-High
aws_iot_analytics_data_store,4,Medium-Low
aws_amazon_fsx_for_netapp_ontap,3,Medium
aws_braket_managed_simulator,5,Low
aws_iot_greengrass_stream_manager,4,Medium-Low
aws_logs_dark,5,Low
aws_datazone_data_portal,4,Medium-Low
aws_redshift_auto_copy,4,Medium-Low
aws_document_dark,5,Low
aws_iot_device_management,3,Medium
aws_iot_thing_vibration_sensor,5,Low
aws_aurora_postgresql_instance,3,Medium
aws_amazon_opensearch_service,2,Medium-High
aws_amazon_security_lake,3,Medium
aws_wickr,5,Low
aws_app_runner,3,Medium
aws_supply_chain,5,Low
aws_backup_recovery_point_objective,4,Medium-Low
aws_route_53_readiness_checks,4,Medium-Low
aws_amazon_quantum_ledger_database,4,Medium-Low
aws_mainframe_modernization_converter,5,Low
aws_ec2_db_instance,3,Medium
aws_amazon_fsx,3,Medium
aws_simple_storage_service_glacier_archive,4,Medium-Low
aws_migration_evaluator,5,Low
aws_office_building_light,5,Low
aws_aurora_mysql_instance,2,Medium-High
aws_simspace_weaver,5,Low
aws_dynamodb_attribute,3,Medium
aws_internet_alt2_dark,5,Low
aws_source_code_dark,4,Medium-Low
aws_dynamodb_item,3,Medium
aws_outposts_rack,3,Medium
aws_ec2_instances,1,High
aws_storage_gateway,3,Medium
aws_opensearch_service_opensearch_dashboards,3,Medium
aws_network_firewall,3,Medium
aws_file_cache_on_premises_nfs_linked_datasets,4,Medium-Low
aws_elastic_container_service_ecs_service_connect,3,Medium
aws_amazon_mq,3,Medium
aws_simple_storage_service_s3_standard,1,High
aws_cloud_wan_core_network_edge,4,Medium-Low
aws_datazone_business_data_catalog,4,Medium-Low
aws_training_certification,5,Low
aws_iot_greengrass_component,4,Medium-Low
aws_mainframe_modernization_runtime,4,Medium-Low
aws_email_dark,5,Low
aws_app_mesh_virtual_router,4,Medium-Low
aws_transfer_family_aws_ftp,3,Medium
aws_redshift_ra3,2,Medium-High
aws_vpc_network_access_control_list,2,Medium-High
aws_firewall_light,3,Medium
aws_location_service_track,4,Medium-Low
aws_iot_greengrass_component_machine_learning,4,Medium-Low
aws_trusted_advisor_checklist,3,Medium
aws_braket_simulator_3,5,Low
aws_database_migration_service_database_migration_workflow_or_job,3,Medium
aws_braket_qpu,5,Low
aws_application_auto_scaling,2,Medium-High
aws_location_service_routes,4,Medium-Low
aws_amazon_kinesis_video_streams,3,Medium
aws_key_management_service,1,High
aws_servers_light,5,Low
aws_sagemaker_canvas,3,Medium
aws_email_light,5,Low
aws_trusted_advisor_checklist_security,3,Medium
aws_multimedia_light,5,Low
aws_braket_simulator_4,5,Low
aws_directory_service,3,Medium
aws_amazon_kinesis,2,Medium-High
aws_iot_mqtt_protocol,4,Medium-Low
aws_iot_analytics_pipeline,4,Medium-Low
aws_cloudshell,4,Medium-Low
aws_amazon_pinpoint,3,Medium
aws_license_manager,4,Medium-Low
aws_elastic_load_balancing_gateway_load_balancer,2,Medium-High
aws_amazon_lookout_for_metrics,4,Medium-Low
aws_cloudwatch_cross_account_observability,4,Medium-Low
aws_datasync_agent,3,Medium
aws_iot_thing_police_emergency,5,Low
aws_codecommit,2,Medium-High
aws_backup_compute,3,Medium
aws_aurora_mariadb_instance,3,Medium
aws_trusted_advisor_checklist_cost,3,Medium
aws_privatelink,2,Medium-High
aws_iot_thing_thermostat,5,Low
aws_identity_access_management_mfa_token,2,Medium-High
aws_freertos,4,Medium-Low
aws_forums_dark,5,Low
aws_forums_light,5,Low
aws_internet_alt1_dark,5,Low
aws_transit_gateway_attachment,2,Medium-High
aws_amazon_codecatalyst,3,Medium
aws_amazon_simple_email_service,2,Medium-High
aws_amazon_simple_storage_service_glacier,3,Medium
aws_auto_scaling,1,High
aws_amazon_forecast,3,Medium
aws_service_management_connector,4,Medium-Low
aws_robomaker_cloud_extensions_ros,5,Low
aws_vpc_internet_gateway,2,Medium-High
aws_sagemaker_model,2,Medium-High
aws_cloudtrail_cloudtrail_lake,3,Medium
aws_direct_connect,2,Medium-High
aws_amazon_keyspaces,3,Medium
aws_iot_thing_lightbulb,5,Low
aws_app_mesh_virtual_gateway,4,Medium-Low
aws_amazon_pinpoint_apis,3,Medium
aws_amazon_api_gateway,1,High
aws_sagemaker_train,3,Medium
aws_dynamodb_standard_access_table_class,3,Medium
aws_glue_crawler,3,Medium
aws_iot_thing_relay,5,Low
aws_well_architected_tool,4,Medium-Low
aws_question_dark,5,Low
aws_backint_agent,4,Medium-Low
aws_vpc_router,3,Medium
aws_cloud_development_kit,3,Medium
aws_iot_thing_temperature_humidity_sensor,5,Low
aws_braket_simulator_2,5,Low
aws_rds_blue_green_deployments,3,Medium
aws_cloudsearch_search_documents,4,Medium-Low
aws_recover_light,5,Low
aws_savings_plans,4,Medium-Low
aws_healthlake,4,Medium-Low
aws_simple_queue_service_queue,1,High
aws_simple_email_service_email,3,Medium
aws_codepipeline,2,Medium-High
aws_identity_access_management_permissions,2,Medium-High
aws_authenticated_user_light,5,Low
aws_systems_manager_automation,3,Medium
aws_migration_hub_refactor_spaces_environments,4,Medium-Low
aws_glue_databrew,3,Medium
aws_iot_thing_temperature_vibration_sensor,5,Low
aws_simple_storage_service_s3_object_lambda,3,Medium
aws_elemental_live,4,Medium-Low
aws_amazon_lookout_for_vision,4,Medium-Low
aws_amazon_location_service,3,Medium
aws_chat_light,5,Low
aws_shield_dark,3,Medium
aws_robomaker_simulation,4,Medium-Low
aws_office_building_dark,5,Low
aws_identity_access_management_aws_sts_alternate,3,Medium
aws_amazon_documentdb,3,Medium
aws_waf_filtering_rule,3,Medium
aws_amazon_managed_grafana,3,Medium
aws_trusted_advisor,3,Medium
aws_elastic_load_balancing_classic_load_balancer,2,Medium-High
aws_global_accelerator,3,Medium
aws_amazon_workmail,3,Medium
aws_repost_private,5,Low
aws_disk_dark,5,Low
aws_json_script_dark,5,Low
aws_msk_amazon_msk_connect,3,Medium
aws_iot_greengrass_component_private,4,Medium-Low
aws_backup_vault_lock,3,Medium
aws_amazon_cloudwatch,1,High
aws_braket_simulator,5,Low
aws_athena_data_source_connectors,3,Medium
aws_location_service_geofence,4,Medium-Low
aws_management_console_dark,4,Medium-Low
aws_elastic_container_registry_registry,2,Medium-High
aws_entity_resolution,4,Medium-Low
aws_disk_light,5,Low
aws_amazon_data_firehose,2,Medium-High
aws_iot_thing_camera,5,Low
aws_shield_aws_shield_advanced,3,Medium
aws_simple_storage_service_s3_express_one_zone,3,Medium
aws_mobile_client_dark,5,Low
aws_ec2_elastic_ip_address,2,Medium-High
aws_braket_embedded_simulator,5,Low
aws_launch_wizard,4,Medium-Low
aws_robomaker_fleet_management,4,Medium-Low
aws_simple_notification_service_topic,1,High
aws_tensorflow_on_aws,3,Medium
aws_iot_thing_generic,5,Low
aws_transit_gateway,2,Medium-High
aws_identity_access_management_temporary_security_credential,3,Medium
aws_amazon_ec2_auto_scaling,1,High
aws_amazon_quicksight,2,Medium-High
aws_elastic_file_system_efs_standard,2,Medium-High
aws_textract_analyze_lending,4,Medium-Low
aws_elemental_link,4,Medium-Low
aws_amazon_interactive_video_service,4,Medium-Low
aws_amazon_appstream_2,3,Medium
aws_systems_manager_maintenance_windows,3,Medium
aws_cloud_map_namespace,3,Medium
aws_vpc_elastic_network_adapter,3,Medium
aws_amazon_corretto,4,Medium-Low
aws_elastic_file_system_efs_one_zone_infrequent_access,3,Medium
aws_reserved_instance_reporting,4,Medium-Low
aws_data_table_light,5,Low
aws_internet_alt1_light,5,Low
aws_elastic_container_registry_image,2,Medium-High
aws_aurora_amazon_aurora_instance_alternate,2,Medium-High
aws_simple_storage_service_directory_bucket,3,Medium
aws_ec2_ami,2,Medium-High
aws_identity_access_management_long_term_security_credential,3,Medium
aws_lake_formation,3,Medium
aws_folders_dark,5,Low
aws_amazon_workdocs,3,Medium
aws_rekognition_video,3,Medium
aws_file_cache_hybrid_nfs_linked_datasets,4,Medium-Low
aws_outposts_servers,3,Medium
aws_aurora_postgresql_instance_alternate,3,Medium
aws_amazon_memorydb,3,Medium
aws_nitro_enclaves,4,Medium-Low
aws_servers_dark,5,Low
aws_amazon_detective,3,Medium
aws_gear_light,5,Low
aws_management_console,4,Medium-Low
aws_robomaker,4,Medium-Low
aws_license_manager_license_blending,4,Medium-Low
aws_cloudfront_streaming_distribution,3,Medium
aws_verified_access,3,Medium
aws_open_3d_engine,5,Low
aws_cloudwatch_evidently,4,Medium-Low
aws_simple_storage_service_general_access_points,3,Medium
aws_app_mesh_virtual_service,4,Medium-Low
aws_eventbridge_saas_partner_event,3,Medium
aws_infrastructure_composer,4,Medium-Low
aws_storage_gateway_amazon_fsx_file_gateway,3,Medium
aws_backup,2,Medium-High
aws_aurora_oracle_instance,2,Medium-High
aws_iot_device_tester,5,Low
aws_waf_rule,3,Medium
aws_elastic_container_service_container_1,2,Medium-High
aws_simple_storage_service_s3_glacier_flexible_retrieval,4,Medium-Low
aws_glue_data_catalog,3,Medium
aws_certificate_manager_certificate_authority,3,Medium
aws_transfer_family_aws_as2,4,Medium-Low
aws_backup_virtual_machine,3,Medium
aws_amazon_simple_queue_service,1,High
aws_identity_access_management_aws_sts,2,Medium-High
aws_organizations_organizational_unit,4,Medium-Low
aws_braket_tensor_network,5,Low
aws_elastic_file_system_efs_standard_infrequent_access,4,Medium-Low
aws_amazon_cloudsearch,4,Medium-Low
aws_amazon_kinesis_data_streams,2,Medium-High
aws_cold_storage_light,4,Medium-Low
aws_systems_manager_opscenter,4,Medium-Low
aws_amazon_elastic_container_registry,2,Medium-High
aws_serverless_application_repository,4,Medium-Low
aws_eventbridge_pipes,3,Medium
aws_simple_storage_service_s3_standard_ia,3,Medium
aws_vpc_reachability_analyzer,4,Medium-Low
aws_simple_storage_service_s3_batch_operations,4,Medium-Low
aws_amazon_polly,4,Medium-Low
aws_elastic_file_system_file_system,2,Medium-High
aws_amazon_elastic_block_store,1,High
aws_private_certificate_authority,4,Medium-Low
aws_amazon_elastic_transcoder,4,Medium-Low
aws_vpc_endpoints,2,Medium-High
aws_client_light,3,Medium
aws_elasticache_cache_node,2,Medium-High
aws_amazon_cognito,2,Medium-High
aws_iot_thing_medical_emergency,5,Low
aws_generic_application_light,3,Medium
aws_marketplace_dark,4,Medium-Low
aws_datazone_data_projects,4,Medium-Low
aws_backup_aws_backup_for_aws_cloudformation,4,Medium-Low
aws_elemental_medialive,4,Medium-Low
aws_rds_proxy_instance,3,Medium
aws_thinkbox_sequoia,5,Low
aws_systems_manager_patch_manager,3,Medium
aws_user_light,2,Medium-High
aws_database_light,2,Medium-High
aws_iot_alexa_voice_service,5,Low
aws_elastic_load_balancing_network_load_balancer,1,High
aws_simple_storage_service_s3_replication,3,Medium
aws_rekognition_image,3,Medium
aws_cloudhsm,4,Medium-Low
aws_managed_services,4,Medium-Low
aws_server_dark,2,Medium-High
aws_amazon_codewhisperer,4,Medium-Low
aws_rds_trusted_language_extensions_for_postgresql,5,Low
aws_iot_greengrass_component_nucleus,5,Low
aws_iot_core_device_advisor,5,Low
aws_deepracer,5,Low
aws_codedeploy,2,Medium-High
aws_amazon_augmented_ai_a2i,4,Medium-Low
aws_iot_echo,5,Low
aws_iot_core,3,Medium
aws_iot_thing_bicycle,5,Low
aws_amazon_timestream,3,Medium
aws_systems_manager_application_manager,4,Medium-Low
aws_document_light,3,Medium
aws_cloudwatch_rum,4,Medium-Low
aws_amazon_cloud_directory,4,Medium-Low
aws_pinpoint_journey,4,Medium-Low
aws_identity_access_management_encrypted_data,3,Medium
aws_amazon_lookout_for_equipment,5,Low
aws_amazon_codeguru,3,Medium
aws_metrics_dark,3,Medium
aws_organizations,2,Medium-High
aws_mobile_client_light,3,Medium
aws_app_mesh_mesh,3,Medium
aws_deepcomposer,5,Low
aws_elastic_block_store_snapshot,2,Medium-High
aws_snowball_edge,4,Medium-Low
aws_organizations_management_account,3,Medium
aws_emr_cluster,2,Medium-High
aws_amazon_guardduty,2,Medium-High
aws_simple_notification_service_http_notification,3,Medium
aws_direct_connect_gateway,2,Medium-High
aws_backup_legal_hold,5,Low
aws_data_exchange,4,Medium-Low
aws_cloudfront_edge_location,2,Medium-High
aws_iot_analytics_channel,5,Low
aws_globe_light,3,Medium
aws_datasync,3,Medium
aws_iot_core_device_location,5,Low
aws_glue_aws_glue_for_ray,4,Medium-Low
aws_elastic_container_service_service,1,High
aws_cloud_map,3,Medium
aws_amazon_application_recovery_controller,4,Medium-Low
aws_firewall_dark,2,Medium-High
aws_systems_manager_parameter_store,2,Medium-High
aws_aurora_trusted_language_extensions_for_postgresql,5,Low
aws_glue_data_quality,4,Medium-Low
aws_programming_language_light,3,Medium
aws_amazon_simple_notification_service,1,High
aws_iot_sitewise_data_streams,5,Low
aws_key_management_service_external_key_store,4,Medium-Low
aws_identity_access_management_data_encryption_key,3,Medium
aws_camera_dark,3,Medium
aws_redshift_ml,4,Medium-Low
aws_iot_thing_bank,5,Low
aws_iot_device_management_fleet_hub,5,Low
aws_iot_greengrass_artifact,5,Low
aws_simple_storage_service_s3_replication_time_control,4,Medium-Low
aws_magnifying_glass_dark,3,Medium
aws_vpc_network_access_analyzer,4,Medium-Low
aws_toolkit_dark,3,Medium
aws_budgets,3,Medium
aws_professional_services,4,Medium-Low
aws_opensearch_service_data_node,3,Medium
aws_eventbridge_event,3,Medium
aws_elemental_mediatailor,4,Medium-Low
aws_iot_device_defender_iot_device_jobs,5,Low
aws_amazon_eks_anywhere,3,Medium
aws_amazon_monitron,5,Low
aws_sdk_dark,3,Medium
aws_metrics_light,3,Medium
aws_redshift_dense_compute_node,3,Medium
aws_trusted_advisor_checklist_fault_tolerant,4,Medium-Low
aws_backup_database,3,Medium
aws_amazon_kendra,3,Medium
aws_cloudformation_template,1,High
aws_user_dark,2,Medium-High
aws_healthimaging,4,Medium-Low
aws_iot_alexa_enabled_device,5,Low
aws_simple_storage_service_s3_glacier_instant_retrieval,4,Medium-Low
aws_route_53_resolver,2,Medium-High
aws_simple_storage_service_s3_select,4,Medium-Low
aws_appsync,2,Medium-High
aws_lambda,1,High
aws_amazon_eventbridge,2,Medium-High
aws_simple_storage_service_vpc_access_points,3,Medium
aws_route_53_hosted_zone,1,High
aws_amazon_managed_workflows_for_apache_airflow,3,Medium
aws_internet_alt2_light,3,Medium
aws_cloudtrail,2,Medium-High
aws_data_exchange_for_apis,4,Medium-Low
aws_dynamodb_attributes,3,Medium
aws_console_mobile_application,4,Medium-Low
aws_backup_gateway,4,Medium-Low
aws_multimedia_dark,3,Medium
aws_directory_service_ad_connector,3,Medium
aws_amazon_chime_sdk,3,Medium
aws_data_stream_light,3,Medium
aws_amazon_neptune,3,Medium
aws_elastic_disaster_recovery,3,Medium
aws_eventbridge_scheduler,3,Medium
aws_internet_light,3,Medium
aws_amazon_elastic_inference,4,Medium-Low
aws_eventbridge_rule,2,Medium-High
aws_sdk_light,3,Medium
aws_waf_managed_rule,3,Medium
aws_identity_access_management_iam_roles_anywhere,4,Medium-Low
aws_aurora_piops_instance,3,Medium
aws_emr_emr_engine,3,Medium
aws_resource_explorer,4,Medium-Low
aws_systems_manager_distributor,4,Medium-Low
aws_iot_thing_utility,5,Low
aws_directory_service_simple_ad,3,Medium
aws_elemental_delta,5,Low
aws_iot_shadow,4,Medium-Low
aws_aurora_oracle_instance_alternate,3,Medium
aws_amazon_rds,1,High
aws_redshift_dense_storage_node,3,Medium
aws_amazon_dynamodb,1,High
aws_amazon_simple_storage_service,1,High
aws_cloud_wan,3,Medium
aws_outposts_family,4,Medium-Low
aws_thinkbox_deadline,5,Low
aws_aurora_mariadb_instance_alternate,3,Medium
aws_opensearch_service_opensearch_ingestion,4,Medium-Low
aws_backup_backup_restore,3,Medium
aws_logs_light,2,Medium-High
aws_amazon_sagemaker_ground_truth,3,Medium
aws_support,3,Medium
aws_elastic_block_store_amazon_data_lifecycle_manager,4,Medium-Low
aws_iot_over_air_update,5,Low
aws_identity_access_management_role,1,High
aws_amazon_ec2_image_builder,3,Medium
aws_workspaces_family_amazon_workspaces_secure_browser,4,Medium-Low
aws_mainframe_modernization,4,Medium-Low
aws_appconfig,3,Medium
aws_amazon_q,3,Medium
aws_control_tower,2,Medium-High
aws_cost_explorer,2,Medium-High
aws_braket_chandelier,5,Low
aws_git_repository_dark,3,Medium
aws_eventbridge_schema_registry,4,Medium-Low
aws_amazon_virtual_private_cloud,1,High
aws_simple_storage_service_glacier_vault,4,Medium-Low
aws_dynamodb_global_secondary_index,3,Medium
aws_amazon_personalize,3,Medium
aws_data_transfer_terminal,3,Medium
aws_iot_actuator,5,Low
aws_iot_certificate,4,Medium-Low
aws_data_table_dark,3,Medium
aws_systems_manager_incident_manager,4,Medium-Low
aws_identity_and_access_management,1,High
aws_tools_and_sdks,3,Medium
aws_parallel_cluster,4,Medium-Low
aws_storage_gateway_cached_volume,4,Medium-Low
aws_amazon_verified_permissions,3,Medium
aws_cloudfront_functions,3,Medium
aws_iot_thing_temperature_sensor,4,Medium-Low
aws_storage_gateway_amazon_s3_file_gateway,4,Medium-Low
aws_iot_thing_house,5,Low
aws_amazon_elastic_kubernetes_service,1,High
aws_cloudwatch_event_time_based,2,Medium-High
aws_simple_storage_service_s3_glacier_deep_archive,3,Medium
aws_amazon_route_53,1,High
aws_vpc_customer_gateway,3,Medium
aws_step_functions,2,Medium-High
aws_amplify,2,Medium-High
aws_storage_gateway_volume_gateway,4,Medium-Low
aws_certificate_manager,2,Medium-High
aws_amazon_efs,2,Medium-High
aws_elastic_load_balancing,1,High
aws_cloud_wan_transit_gateway_route_table_attachment,4,Medium-Low
aws_folders_light,3,Medium
aws_storage_gateway_file_gateway,4,Medium-Low
aws_saml_token_dark,4,Medium-Low
aws_iot_thing_factory,5,Low
aws_waf_bot_control,3,Medium
aws_trusted_advisor_checklist_performance,4,Medium-Low
aws_redshift_query_editor_v2.0,4,Medium-Low
aws_amazon_sagemaker,2,Medium-High
aws_cloud9,3,Medium
aws_dynamodb_amazon_dynamodb_accelerator,3,Medium
aws_quicksight_paginated_reports,4,Medium-Low
aws_ec2_spot_instance,2,Medium-High
aws_amazon_athena,2,Medium-High
aws_ssl_padlock_light,3,Medium
aws_tape_storage_dark,5,Low
aws_compute_optimizer,4,Medium-Low
aws_simple_storage_service_bucket_with_objects,1,High
aws_folder_dark,3,Medium
aws_batch,3,Medium
aws_amazon_cloudfront,1,High
aws_vpc_vpn_connection,2,Medium-High
aws_programming_language_dark,5,Low
aws_aurora_instance,2,Medium-High
aws_simple_storage_service_s3_one_zone_ia,3,Medium
aws_express_workflows,3,Medium
aws_telco_network_builder,5,Low
aws_elastic_file_system_efs_one_zone,3,Medium
aws_elemental_server,4,Medium-Low
aws_iot_thing_humidity_sensor,4,Medium-Low
aws_camera_light,5,Low
aws_backup_aws_backup_support_for_amazon_fsx_for_netapp_ontap,4,Medium-Low
aws_amazon_ec2,1,High
